"Area","Country","PersonID","Gender","DOB","Surname","GivenName","School","GP"
"Abbey","England","0","Female","1961-05-21 00:00:00","Buckley","Kate","Abbey School","Abbey GP"
"Abbey","England","1","Male","1944-01-20 00:00:00","Austin","Benjamin","Abbey School","Abbey GP"
"Abbey","England","2","Female","1947-11-11 00:00:00","Oliver","Ava","Abbey School","Abbey GP"
"Bagley","England","3","Female","1969-11-13 00:00:00","Wilson","Kate","Bagley School","Bagely GP"
"Bagley","England","4","Female","1994-03-16 00:00:00","Wright","Jennifer","Bagley School","Bagely GP"
"Bagley","England","5","Male","1962-04-10 00:00:00","Giles","Bailey","Bagley School","Bagely GP"
"Battlefield","England","6","Male","1971-11-07 00:00:00","Archer","Taylor","Battlefield School","Battlefield GP"
"Battlefield","England","7","Male","1992-01-31 00:00:00","Reeves","John","Battlefield School","Battlefield GP"
"Battlefield","England","8","Male","1969-02-10 00:00:00","Evans","Evan","Battlefield School","Battlefield GP"
"Belle Vue","England","9","Male","1964-02-28 00:00:00","Powell","Mason","Belle Vue School","Belle Vue GP"
"Belle Vue","England","10","Female","1983-06-06 00:00:00","Rose","Amber","Belle Vue School","Belle Vue GP"
"Belle Vue","England","11","Male","1971-12-24 00:00:00","West","Liam","Belle Vue School","Belle Vue GP"
"Bowbrook","England","12","Male","2012-06-16 00:00:00","Mellor","Benjamin","Bowbrook School","Bowbrook GP"
"Bowbrook","England","13","Female","1944-08-28 00:00:00","Jackson","Shannon","Bowbrook School","Bowbrook GP"
"Bowbrook","England","14","Male","1942-02-14 00:00:00","Franklin","Nicholas","Bowbrook School","Bowbrook GP"
"Castlefields and Ditherington","England","15","Female","1988-06-23 00:00:00","Wallis","Megan","Castlefields School","Castlefields GP"
"Castlefields and Ditherington","England","16","Female","1990-02-28 00:00:00","Nixon","Amelia","Castlefields School","Castlefields GP"
"Castlefields and Ditherington","England","17","Male","1953-06-18 00:00:00","Wilkins","Lucas","Castlefields School","Castlefields GP"
"Column","England","18","Female","1939-04-01 00:00:00","Moss","Poppy","Column School","Column GP"
"Column","England","19","Male","1920-04-09 00:00:00","McKenzie","Gabriel","Column School","Column GP"
"Column","England","20","Male","1940-07-08 00:00:00","Wallace","Kieran","Column School","Column GP"
"Copthorne","England","21","Female","1996-02-22 00:00:00","Carey","Tegan","Copthorne School","Copthorne GP"
"Copthorne","England","22","Female","2017-07-18 00:00:00","Hawkins","Sarah","Copthorne School","Copthorne GP"
"Copthorne","England","23","Male","1964-05-10 00:00:00","Fletcher","Lucas","Copthorne School","Copthorne GP"
"Harlescott","England","24","Male","1961-04-28 00:00:00","Young","Kian","Harlescott School","Harlescott GP"
"Harlescott","England","25","Female","1939-02-02 00:00:00","Law","Katie","Harlescott School","Harlescott GP"
"Harlescott","England","26","Female","1969-06-27 00:00:00","Morley","Rosie","Harlescott School","Harlescott GP"
"Meole","England","27","Male","1973-02-24 00:00:00","Mills","Joshua","Meole School","Meole GP"
"Meole","England","28","Male","2016-06-03 00:00:00","Brennan","Jude","Meole School","Meole GP"
"Meole","England","29","Male","1993-06-25 00:00:00","Cross","Archie","Meole School","Meole GP"
"Monkmoor","England","30","Female","1992-07-23 00:00:00","Leonard","Rosie","Monkmoor School","Monkmoor GP"
"Monkmoor","England","31","Female","1962-06-28 00:00:00","Gough","Daisy","Monkmoor School","Monkmoor GP"
"Monkmoor","England","32","Male","1963-05-15 00:00:00","Kelly","Freddie","Monkmoor School","Monkmoor GP"
"Porthill","England","33","Male","1968-04-22 00:00:00","Hill","Jack","Porthill School","Porthill GP"
"Porthill","England","34","Male","1946-11-22 00:00:00","Lowe","Joel","Porthill School","Porthill GP"
"Porthill","England","35","Female","1961-03-17 00:00:00","Rahman","Eva","Porthill School","Porthill GP"
"Quarry and Coton Hill","England","36","Male","1995-07-04 00:00:00","Gough","Declan","Coton Hill School","Quarry GP"
"Quarry and Coton Hill","England","37","Male","1990-06-28 00:00:00","Riley","Andrew","Quarry School","Quarry GP"
"Quarry and Coton Hill","England","38","Male","1979-04-17 00:00:00","Fleming","Archie","Coton Hill School","Quarry GP"
"Radbrook","England","39","Female","2014-09-13 00:00:00","Walsh","Leah","Radbrook School","Radbrook GP"
"Radbrook","England","40","Female","1981-12-30 00:00:00","Nicholls","Amelie","Radbrook School","Radbrook GP"
"Radbrook","England","41","Male","1936-09-26 00:00:00","Stone","Patrick","Radbrook School","Radbrook GP"
"Sundorne","England","42","Male","1946-01-07 00:00:00","O'Donnell","Jayden","Sundorne School","Sundorne GP"
"Sundorne","England","43","Male","2014-11-25 00:00:00","Douglas","Bailey","Sundorne School","Sundorne GP"
"Sundorne","England","44","Male","1973-08-04 00:00:00","Fry","Gabriel","Sundorne School","Sundorne GP"
"Sutton and Reabrook","England","45","Male","1972-04-05 00:00:00","Davison","Henry","Reabrook School","Sutton GP"
"Sutton and Reabrook","England","46","Female","1978-11-27 00:00:00","Stevenson","Alicia","Reabrook School","Sutton GP"
"Sutton and Reabrook","England","47","Male","2004-04-06 00:00:00","Bradshaw","Freddie","Sutton School","Sutton GP"
"Underdale","England","48","Male","1964-06-01 00:00:00","Simmons","Spencer","Underdale School","Underdale GP"
"Underdale","England","49","Female","2016-07-14 00:00:00","Pearce","Lucy","Underdale School","Underdale GP"
"Underdale","England","50","Female","1992-09-29 00:00:00","Warner","Kayleigh","Underdale School","Underdale GP"
